date,time,Reconstructed_Total
19-09-2024,06:00 - 06:05,156
19-09-2024,06:05 - 06:10,155
19-09-2024,06:10 - 06:15,154
19-09-2024,06:15 - 06:20,154
19-09-2024,06:20 - 06:25,156
19-09-2024,06:25 - 06:30,162
19-09-2024,06:30 - 06:35,170
19-09-2024,06:35 - 06:40,179
19-09-2024,06:40 - 06:45,184
19-09-2024,06:45 - 06:50,181
19-09-2024,06:50 - 06:55,175
19-09-2024,06:55 - 07:00,176
19-09-2024,07:00 - 07:05,181
19-09-2024,07:05 - 07:10,188
19-09-2024,07:10 - 07:15,192
19-09-2024,07:15 - 07:20,199
19-09-2024,07:20 - 07:25,211
19-09-2024,07:25 - 07:30,223
19-09-2024,07:30 - 07:35,232
19-09-2024,07:35 - 07:40,240
19-09-2024,07:40 - 07:45,248
19-09-2024,07:45 - 07:50,253
19-09-2024,07:50 - 07:55,251
19-09-2024,07:55 - 08:00,241
19-09-2024,08:00 - 08:05,226
19-09-2024,08:05 - 08:10,209
19-09-2024,08:10 - 08:15,195
19-09-2024,08:15 - 08:20,185
19-09-2024,08:20 - 08:25,182
19-09-2024,08:25 - 08:30,184
19-09-2024,08:30 - 08:35,187
19-09-2024,08:35 - 08:40,188
19-09-2024,08:40 - 08:45,188
19-09-2024,08:45 - 08:50,194
19-09-2024,08:50 - 08:55,211
19-09-2024,08:55 - 09:00,229
19-09-2024,09:00 - 09:05,233
19-09-2024,09:05 - 09:10,222
19-09-2024,09:10 - 09:15,210
19-09-2024,09:15 - 09:20,207
19-09-2024,09:20 - 09:25,212
19-09-2024,09:25 - 09:30,218
19-09-2024,09:30 - 09:35,213
19-09-2024,09:35 - 09:40,200
19-09-2024,09:40 - 09:45,189
19-09-2024,09:45 - 09:50,184
19-09-2024,09:50 - 09:55,184
19-09-2024,09:55 - 10:00,186
19-09-2024,10:00 - 10:05,190
19-09-2024,10:05 - 10:10,192
19-09-2024,10:10 - 10:15,194
19-09-2024,10:15 - 10:20,195
19-09-2024,10:20 - 10:25,196
19-09-2024,10:25 - 10:30,196
19-09-2024,10:30 - 10:35,197
19-09-2024,10:35 - 10:40,198
19-09-2024,10:40 - 10:45,199
19-09-2024,10:45 - 10:50,198
19-09-2024,10:50 - 10:55,196
19-09-2024,10:55 - 11:00,194
19-09-2024,11:00 - 11:05,193
19-09-2024,11:05 - 11:10,195
19-09-2024,11:10 - 11:15,199
19-09-2024,11:15 - 11:20,205
19-09-2024,11:20 - 11:25,210
19-09-2024,11:25 - 11:30,212
19-09-2024,11:30 - 11:35,214
19-09-2024,11:35 - 11:40,216
19-09-2024,11:40 - 11:45,218
19-09-2024,11:45 - 11:50,216
19-09-2024,11:50 - 11:55,205
19-09-2024,11:55 - 12:00,197
19-09-2024,12:00 - 12:05,203
19-09-2024,12:05 - 12:10,224
19-09-2024,12:10 - 12:15,245
19-09-2024,12:15 - 12:20,252
19-09-2024,12:20 - 12:25,245
19-09-2024,12:25 - 12:30,232
19-09-2024,12:30 - 12:35,219
19-09-2024,12:35 - 12:40,211
19-09-2024,12:40 - 12:45,212
19-09-2024,12:45 - 12:50,217
19-09-2024,12:50 - 12:55,221
19-09-2024,12:55 - 13:00,221
19-09-2024,13:00 - 13:05,218
19-09-2024,13:05 - 13:10,217
19-09-2024,13:10 - 13:15,222
19-09-2024,13:15 - 13:20,233
19-09-2024,13:20 - 13:25,248
19-09-2024,13:25 - 13:30,266
19-09-2024,13:30 - 13:35,279
19-09-2024,13:35 - 13:40,278
19-09-2024,13:40 - 13:45,263
19-09-2024,13:45 - 13:50,239
19-09-2024,13:50 - 13:55,220
19-09-2024,13:55 - 14:00,212
19-09-2024,14:00 - 14:05,212
19-09-2024,14:05 - 14:10,216
19-09-2024,14:10 - 14:15,220
19-09-2024,14:15 - 14:20,224
19-09-2024,14:20 - 14:25,227
19-09-2024,14:25 - 14:30,227
19-09-2024,14:30 - 14:35,225
19-09-2024,14:35 - 14:40,219
19-09-2024,14:40 - 14:45,211
19-09-2024,14:45 - 14:50,206
19-09-2024,14:50 - 14:55,204
19-09-2024,14:55 - 15:00,206
20-09-2024,06:00 - 06:05,222
20-09-2024,06:05 - 06:10,223
20-09-2024,06:10 - 06:15,227
20-09-2024,06:15 - 06:20,224
20-09-2024,06:20 - 06:25,209
20-09-2024,06:25 - 06:30,189
20-09-2024,06:30 - 06:35,179
20-09-2024,06:35 - 06:40,182
20-09-2024,06:40 - 06:45,199
20-09-2024,06:45 - 06:50,226
20-09-2024,06:50 - 06:55,252
20-09-2024,06:55 - 07:00,265
20-09-2024,07:00 - 07:05,256
20-09-2024,07:05 - 07:10,235
20-09-2024,07:10 - 07:15,218
20-09-2024,07:15 - 07:20,210
20-09-2024,07:20 - 07:25,212
20-09-2024,07:25 - 07:30,224
20-09-2024,07:30 - 07:35,239
20-09-2024,07:35 - 07:40,252
20-09-2024,07:40 - 07:45,262
20-09-2024,07:45 - 07:50,267
20-09-2024,07:50 - 07:55,265
20-09-2024,07:55 - 08:00,257
20-09-2024,08:00 - 08:05,246
20-09-2024,08:05 - 08:10,237
20-09-2024,08:10 - 08:15,235
20-09-2024,08:15 - 08:20,238
20-09-2024,08:20 - 08:25,243
20-09-2024,08:25 - 08:30,244
20-09-2024,08:30 - 08:35,241
20-09-2024,08:35 - 08:40,237
20-09-2024,08:40 - 08:45,232
20-09-2024,08:45 - 08:50,230
20-09-2024,08:50 - 08:55,228
20-09-2024,08:55 - 09:00,227
20-09-2024,09:00 - 09:05,226
20-09-2024,09:05 - 09:10,223
20-09-2024,09:10 - 09:15,219
20-09-2024,09:15 - 09:20,214
20-09-2024,09:20 - 09:25,214
20-09-2024,09:25 - 09:30,220
20-09-2024,09:30 - 09:35,224
20-09-2024,09:35 - 09:40,215
20-09-2024,09:40 - 09:45,203
20-09-2024,09:45 - 09:50,206
20-09-2024,09:50 - 09:55,224
20-09-2024,09:55 - 10:00,247
20-09-2024,10:00 - 10:05,255
20-09-2024,10:05 - 10:10,242
20-09-2024,10:10 - 10:15,224
20-09-2024,10:15 - 10:20,214
20-09-2024,10:20 - 10:25,217
20-09-2024,10:25 - 10:30,225
20-09-2024,10:30 - 10:35,231
20-09-2024,10:35 - 10:40,229
20-09-2024,10:40 - 10:45,215
20-09-2024,10:45 - 10:50,200
20-09-2024,10:50 - 10:55,197
20-09-2024,10:55 - 11:00,207
20-09-2024,11:00 - 11:05,222
20-09-2024,11:05 - 11:10,235
20-09-2024,11:10 - 11:15,240
20-09-2024,11:15 - 11:20,235
20-09-2024,11:20 - 11:25,227
20-09-2024,11:25 - 11:30,219
20-09-2024,11:30 - 11:35,215
20-09-2024,11:35 - 11:40,215
20-09-2024,11:40 - 11:45,215
20-09-2024,11:45 - 11:50,214
20-09-2024,11:50 - 11:55,214
20-09-2024,11:55 - 12:00,220
20-09-2024,12:00 - 12:05,227
20-09-2024,12:05 - 12:10,227
20-09-2024,12:10 - 12:15,224
20-09-2024,12:15 - 12:20,226
20-09-2024,12:20 - 12:25,235
20-09-2024,12:25 - 12:30,238
20-09-2024,12:30 - 12:35,230
20-09-2024,12:35 - 12:40,224
20-09-2024,12:40 - 12:45,226
20-09-2024,12:45 - 12:50,227
20-09-2024,12:50 - 12:55,222
20-09-2024,12:55 - 13:00,213
20-09-2024,13:00 - 13:05,203
20-09-2024,13:05 - 13:10,198
20-09-2024,13:10 - 13:15,195
20-09-2024,13:15 - 13:20,189
20-09-2024,13:20 - 13:25,177
20-09-2024,13:25 - 13:30,159
20-09-2024,13:30 - 13:35,145
20-09-2024,13:35 - 13:40,142
20-09-2024,13:40 - 13:45,152
20-09-2024,13:45 - 13:50,169
20-09-2024,13:50 - 13:55,184
20-09-2024,13:55 - 14:00,193
20-09-2024,14:00 - 14:05,196
20-09-2024,14:05 - 14:10,196
20-09-2024,14:10 - 14:15,196
20-09-2024,14:15 - 14:20,194
20-09-2024,14:20 - 14:25,189
20-09-2024,14:25 - 14:30,179
20-09-2024,14:30 - 14:35,164
20-09-2024,14:35 - 14:40,150
20-09-2024,14:40 - 14:45,143
20-09-2024,14:45 - 14:50,149
20-09-2024,14:50 - 14:55,161
20-09-2024,14:55 - 15:00,174
21-09-2024,06:00 - 06:05,131
21-09-2024,06:05 - 06:10,131
21-09-2024,06:10 - 06:15,145
21-09-2024,06:15 - 06:20,159
21-09-2024,06:20 - 06:25,155
21-09-2024,06:25 - 06:30,145
21-09-2024,06:30 - 06:35,152
21-09-2024,06:35 - 06:40,172
21-09-2024,06:40 - 06:45,188
21-09-2024,06:45 - 06:50,186
21-09-2024,06:50 - 06:55,177
21-09-2024,06:55 - 07:00,176
21-09-2024,07:00 - 07:05,184
21-09-2024,07:05 - 07:10,195
21-09-2024,07:10 - 07:15,207
21-09-2024,07:15 - 07:20,215
21-09-2024,07:20 - 07:25,219
21-09-2024,07:25 - 07:30,226
21-09-2024,07:30 - 07:35,246
21-09-2024,07:35 - 07:40,272
21-09-2024,07:40 - 07:45,287
21-09-2024,07:45 - 07:50,287
21-09-2024,07:50 - 07:55,277
21-09-2024,07:55 - 08:00,262
21-09-2024,08:00 - 08:05,241
21-09-2024,08:05 - 08:10,222
21-09-2024,08:10 - 08:15,211
21-09-2024,08:15 - 08:20,209
21-09-2024,08:20 - 08:25,211
21-09-2024,08:25 - 08:30,215
21-09-2024,08:30 - 08:35,218
21-09-2024,08:35 - 08:40,218
21-09-2024,08:40 - 08:45,216
21-09-2024,08:45 - 08:50,213
21-09-2024,08:50 - 08:55,211
21-09-2024,08:55 - 09:00,211
21-09-2024,09:00 - 09:05,213
21-09-2024,09:05 - 09:10,213
21-09-2024,09:10 - 09:15,213
21-09-2024,09:15 - 09:20,215
21-09-2024,09:20 - 09:25,218
21-09-2024,09:25 - 09:30,216
21-09-2024,09:30 - 09:35,207
21-09-2024,09:35 - 09:40,203
21-09-2024,09:40 - 09:45,217
21-09-2024,09:45 - 09:50,224
21-09-2024,09:50 - 09:55,206
21-09-2024,09:55 - 10:00,195
21-09-2024,10:00 - 10:05,200
21-09-2024,10:05 - 10:10,199
21-09-2024,10:10 - 10:15,188
21-09-2024,10:15 - 10:20,168
21-09-2024,10:20 - 10:25,147
21-09-2024,10:25 - 10:30,133
21-09-2024,10:30 - 10:35,134
21-09-2024,10:35 - 10:40,145
21-09-2024,10:40 - 10:45,157
21-09-2024,10:45 - 10:50,163
21-09-2024,10:50 - 10:55,166
21-09-2024,10:55 - 11:00,168
21-09-2024,11:00 - 11:05,172
21-09-2024,11:05 - 11:10,176
21-09-2024,11:10 - 11:15,179
21-09-2024,11:15 - 11:20,179
21-09-2024,11:20 - 11:25,178
21-09-2024,11:25 - 11:30,180
21-09-2024,11:30 - 11:35,187
21-09-2024,11:35 - 11:40,194
21-09-2024,11:40 - 11:45,199
21-09-2024,11:45 - 11:50,205
21-09-2024,11:50 - 11:55,205
21-09-2024,11:55 - 12:00,195
21-09-2024,12:00 - 12:05,187
21-09-2024,12:05 - 12:10,196
21-09-2024,12:10 - 12:15,216
21-09-2024,12:15 - 12:20,231
21-09-2024,12:20 - 12:25,224
21-09-2024,12:25 - 12:30,214
21-09-2024,12:30 - 12:35,225
21-09-2024,12:35 - 12:40,243
21-09-2024,12:40 - 12:45,252
21-09-2024,12:45 - 12:50,245
21-09-2024,12:50 - 12:55,231
21-09-2024,12:55 - 13:00,216
21-09-2024,13:00 - 13:05,204
21-09-2024,13:05 - 13:10,197
21-09-2024,13:10 - 13:15,199
21-09-2024,13:15 - 13:20,207
21-09-2024,13:20 - 13:25,217
21-09-2024,13:25 - 13:30,222
21-09-2024,13:30 - 13:35,217
21-09-2024,13:35 - 13:40,210
21-09-2024,13:40 - 13:45,214
21-09-2024,13:45 - 13:50,221
21-09-2024,13:50 - 13:55,222
21-09-2024,13:55 - 14:00,215
21-09-2024,14:00 - 14:05,213
21-09-2024,14:05 - 14:10,219
21-09-2024,14:10 - 14:15,225
21-09-2024,14:15 - 14:20,227
21-09-2024,14:20 - 14:25,222
21-09-2024,14:25 - 14:30,211
21-09-2024,14:30 - 14:35,200
21-09-2024,14:35 - 14:40,193
21-09-2024,14:40 - 14:45,195
21-09-2024,14:45 - 14:50,201
21-09-2024,14:50 - 14:55,206
21-09-2024,14:55 - 15:00,204
22-09-2024,06:00 - 06:05,159
22-09-2024,06:05 - 06:10,159
22-09-2024,06:10 - 06:15,159
22-09-2024,06:15 - 06:20,157
22-09-2024,06:20 - 06:25,156
22-09-2024,06:25 - 06:30,156
22-09-2024,06:30 - 06:35,159
22-09-2024,06:35 - 06:40,164
22-09-2024,06:40 - 06:45,168
22-09-2024,06:45 - 06:50,174
22-09-2024,06:50 - 06:55,180
22-09-2024,06:55 - 07:00,184
22-09-2024,07:00 - 07:05,188
22-09-2024,07:05 - 07:10,193
22-09-2024,07:10 - 07:15,203
22-09-2024,07:15 - 07:20,217
22-09-2024,07:20 - 07:25,229
22-09-2024,07:25 - 07:30,239
22-09-2024,07:30 - 07:35,246
22-09-2024,07:35 - 07:40,252
22-09-2024,07:40 - 07:45,260
22-09-2024,07:45 - 07:50,269
22-09-2024,07:50 - 07:55,270
22-09-2024,07:55 - 08:00,254
22-09-2024,08:00 - 08:05,231
22-09-2024,08:05 - 08:10,214
22-09-2024,08:10 - 08:15,206
22-09-2024,08:15 - 08:20,203
22-09-2024,08:20 - 08:25,200
22-09-2024,08:25 - 08:30,198
22-09-2024,08:30 - 08:35,198
22-09-2024,08:35 - 08:40,203
22-09-2024,08:40 - 08:45,212
22-09-2024,08:45 - 08:50,221
22-09-2024,08:50 - 08:55,221
22-09-2024,08:55 - 09:00,211
22-09-2024,09:00 - 09:05,197
22-09-2024,09:05 - 09:10,193
22-09-2024,09:10 - 09:15,200
22-09-2024,09:15 - 09:20,207
22-09-2024,09:20 - 09:25,208
22-09-2024,09:25 - 09:30,204
22-09-2024,09:30 - 09:35,201
22-09-2024,09:35 - 09:40,200
22-09-2024,09:40 - 09:45,198
22-09-2024,09:45 - 09:50,193
22-09-2024,09:50 - 09:55,185
22-09-2024,09:55 - 10:00,179
22-09-2024,10:00 - 10:05,188
22-09-2024,10:05 - 10:10,201
22-09-2024,10:10 - 10:15,197
22-09-2024,10:15 - 10:20,190
22-09-2024,10:20 - 10:25,188
22-09-2024,10:25 - 10:30,178
22-09-2024,10:30 - 10:35,169
22-09-2024,10:35 - 10:40,170
22-09-2024,10:40 - 10:45,183
22-09-2024,10:45 - 10:50,192
22-09-2024,10:50 - 10:55,192
22-09-2024,10:55 - 11:00,184
22-09-2024,11:00 - 11:05,180
22-09-2024,11:05 - 11:10,179
22-09-2024,11:10 - 11:15,177
22-09-2024,11:15 - 11:20,175
22-09-2024,11:20 - 11:25,179
22-09-2024,11:25 - 11:30,184
22-09-2024,11:30 - 11:35,185
22-09-2024,11:35 - 11:40,185
22-09-2024,11:40 - 11:45,185
22-09-2024,11:45 - 11:50,186
22-09-2024,11:50 - 11:55,188
22-09-2024,11:55 - 12:00,190
22-09-2024,12:00 - 12:05,194
22-09-2024,12:05 - 12:10,200
22-09-2024,12:10 - 12:15,207
22-09-2024,12:15 - 12:20,215
22-09-2024,12:20 - 12:25,220
22-09-2024,12:25 - 12:30,220
22-09-2024,12:30 - 12:35,217
22-09-2024,12:35 - 12:40,214
22-09-2024,12:40 - 12:45,214
22-09-2024,12:45 - 12:50,219
22-09-2024,12:50 - 12:55,222
22-09-2024,12:55 - 13:00,211
22-09-2024,13:00 - 13:05,201
22-09-2024,13:05 - 13:10,210
22-09-2024,13:10 - 13:15,218
22-09-2024,13:15 - 13:20,210
22-09-2024,13:20 - 13:25,208
22-09-2024,13:25 - 13:30,219
22-09-2024,13:30 - 13:35,227
22-09-2024,13:35 - 13:40,231
22-09-2024,13:40 - 13:45,231
22-09-2024,13:45 - 13:50,226
22-09-2024,13:50 - 13:55,215
22-09-2024,13:55 - 14:00,203
22-09-2024,14:00 - 14:05,204
22-09-2024,14:05 - 14:10,228
22-09-2024,14:10 - 14:15,248
22-09-2024,14:15 - 14:20,235
22-09-2024,14:20 - 14:25,211
22-09-2024,14:25 - 14:30,206
22-09-2024,14:30 - 14:35,205
22-09-2024,14:35 - 14:40,193
22-09-2024,14:40 - 14:45,179
22-09-2024,14:45 - 14:50,175
22-09-2024,14:50 - 14:55,180
22-09-2024,14:55 - 15:00,190
23-09-2024,06:00 - 06:05,152
23-09-2024,06:05 - 06:10,147
23-09-2024,06:10 - 06:15,155
23-09-2024,06:15 - 06:20,161
23-09-2024,06:20 - 06:25,156
23-09-2024,06:25 - 06:30,152
23-09-2024,06:30 - 06:35,158
23-09-2024,06:35 - 06:40,169
23-09-2024,06:40 - 06:45,176
23-09-2024,06:45 - 06:50,175
23-09-2024,06:50 - 06:55,170
23-09-2024,06:55 - 07:00,170
23-09-2024,07:00 - 07:05,180
23-09-2024,07:05 - 07:10,192
23-09-2024,07:10 - 07:15,200
23-09-2024,07:15 - 07:20,208
23-09-2024,07:20 - 07:25,226
23-09-2024,07:25 - 07:30,247
23-09-2024,07:30 - 07:35,263
23-09-2024,07:35 - 07:40,274
23-09-2024,07:40 - 07:45,277
23-09-2024,07:45 - 07:50,274
23-09-2024,07:50 - 07:55,262
23-09-2024,07:55 - 08:00,244
23-09-2024,08:00 - 08:05,225
23-09-2024,08:05 - 08:10,208
23-09-2024,08:10 - 08:15,201
23-09-2024,08:15 - 08:20,201
23-09-2024,08:20 - 08:25,206
23-09-2024,08:25 - 08:30,212
23-09-2024,08:30 - 08:35,215
23-09-2024,08:35 - 08:40,219
23-09-2024,08:40 - 08:45,225
23-09-2024,08:45 - 08:50,233
23-09-2024,08:50 - 08:55,236
23-09-2024,08:55 - 09:00,234
23-09-2024,09:00 - 09:05,224
23-09-2024,09:05 - 09:10,212
23-09-2024,09:10 - 09:15,202
23-09-2024,09:15 - 09:20,197
23-09-2024,09:20 - 09:25,198
23-09-2024,09:25 - 09:30,203
23-09-2024,09:30 - 09:35,203
23-09-2024,09:35 - 09:40,194
23-09-2024,09:40 - 09:45,184
23-09-2024,09:45 - 09:50,184
23-09-2024,09:50 - 09:55,190
23-09-2024,09:55 - 10:00,196
23-09-2024,10:00 - 10:05,203
23-09-2024,10:05 - 10:10,209
23-09-2024,10:10 - 10:15,211
23-09-2024,10:15 - 10:20,204
23-09-2024,10:20 - 10:25,190
23-09-2024,10:25 - 10:30,187
23-09-2024,10:30 - 10:35,193
23-09-2024,10:35 - 10:40,194
23-09-2024,10:40 - 10:45,196
23-09-2024,10:45 - 10:50,206
23-09-2024,10:50 - 10:55,216
23-09-2024,10:55 - 11:00,224
23-09-2024,11:00 - 11:05,227
23-09-2024,11:05 - 11:10,226
23-09-2024,11:10 - 11:15,222
23-09-2024,11:15 - 11:20,218
23-09-2024,11:20 - 11:25,213
23-09-2024,11:25 - 11:30,211
23-09-2024,11:30 - 11:35,210
23-09-2024,11:35 - 11:40,211
23-09-2024,11:40 - 11:45,214
23-09-2024,11:45 - 11:50,215
23-09-2024,11:50 - 11:55,216
23-09-2024,11:55 - 12:00,217
23-09-2024,12:00 - 12:05,211
23-09-2024,12:05 - 12:10,205
23-09-2024,12:10 - 12:15,209
23-09-2024,12:15 - 12:20,208
23-09-2024,12:20 - 12:25,198
23-09-2024,12:25 - 12:30,201
23-09-2024,12:30 - 12:35,213
23-09-2024,12:35 - 12:40,215
23-09-2024,12:40 - 12:45,210
23-09-2024,12:45 - 12:50,204
23-09-2024,12:50 - 12:55,203
23-09-2024,12:55 - 13:00,203
23-09-2024,13:00 - 13:05,199
23-09-2024,13:05 - 13:10,186
23-09-2024,13:10 - 13:15,177
23-09-2024,13:15 - 13:20,189
23-09-2024,13:20 - 13:25,214
23-09-2024,13:25 - 13:30,225
23-09-2024,13:30 - 13:35,220
23-09-2024,13:35 - 13:40,205
23-09-2024,13:40 - 13:45,199
23-09-2024,13:45 - 13:50,217
23-09-2024,13:50 - 13:55,239
23-09-2024,13:55 - 14:00,242
23-09-2024,14:00 - 14:05,233
23-09-2024,14:05 - 14:10,225
23-09-2024,14:10 - 14:15,225
23-09-2024,14:15 - 14:20,228
23-09-2024,14:20 - 14:25,228
23-09-2024,14:25 - 14:30,225
23-09-2024,14:30 - 14:35,219
23-09-2024,14:35 - 14:40,211
23-09-2024,14:40 - 14:45,201
23-09-2024,14:45 - 14:50,190
23-09-2024,14:50 - 14:55,181
23-09-2024,14:55 - 15:00,176
24-09-2024,06:00 - 06:05,144
24-09-2024,06:05 - 06:10,143
24-09-2024,06:10 - 06:15,139
24-09-2024,06:15 - 06:20,132
24-09-2024,06:20 - 06:25,126
24-09-2024,06:25 - 06:30,126
24-09-2024,06:30 - 06:35,136
24-09-2024,06:35 - 06:40,153
24-09-2024,06:40 - 06:45,171
24-09-2024,06:45 - 06:50,182
24-09-2024,06:50 - 06:55,183
24-09-2024,06:55 - 07:00,179
24-09-2024,07:00 - 07:05,177
24-09-2024,07:05 - 07:10,184
24-09-2024,07:10 - 07:15,198
24-09-2024,07:15 - 07:20,218
24-09-2024,07:20 - 07:25,240
24-09-2024,07:25 - 07:30,261
24-09-2024,07:30 - 07:35,280
24-09-2024,07:35 - 07:40,293
24-09-2024,07:40 - 07:45,298
24-09-2024,07:45 - 07:50,290
24-09-2024,07:50 - 07:55,266
24-09-2024,07:55 - 08:00,230
24-09-2024,08:00 - 08:05,197
24-09-2024,08:05 - 08:10,186
24-09-2024,08:10 - 08:15,199
24-09-2024,08:15 - 08:20,220
24-09-2024,08:20 - 08:25,226
24-09-2024,08:25 - 08:30,212
24-09-2024,08:30 - 08:35,201
24-09-2024,08:35 - 08:40,215
24-09-2024,08:40 - 08:45,240
24-09-2024,08:45 - 08:50,241
24-09-2024,08:50 - 08:55,221
24-09-2024,08:55 - 09:00,213
24-09-2024,09:00 - 09:05,218
24-09-2024,09:05 - 09:10,224
24-09-2024,09:10 - 09:15,220
24-09-2024,09:15 - 09:20,212
24-09-2024,09:20 - 09:25,206
24-09-2024,09:25 - 09:30,201
24-09-2024,09:30 - 09:35,194
24-09-2024,09:35 - 09:40,190
24-09-2024,09:40 - 09:45,194
24-09-2024,09:45 - 09:50,200
24-09-2024,09:50 - 09:55,199
24-09-2024,09:55 - 10:00,192
24-09-2024,10:00 - 10:05,190
24-09-2024,10:05 - 10:10,195
24-09-2024,10:10 - 10:15,202
24-09-2024,10:15 - 10:20,208
24-09-2024,10:20 - 10:25,211
24-09-2024,10:25 - 10:30,212
24-09-2024,10:30 - 10:35,210
24-09-2024,10:35 - 10:40,206
24-09-2024,10:40 - 10:45,200
24-09-2024,10:45 - 10:50,195
24-09-2024,10:50 - 10:55,195
24-09-2024,10:55 - 11:00,202
24-09-2024,11:00 - 11:05,212
24-09-2024,11:05 - 11:10,216
24-09-2024,11:10 - 11:15,214
24-09-2024,11:15 - 11:20,210
24-09-2024,11:20 - 11:25,207
24-09-2024,11:25 - 11:30,207
24-09-2024,11:30 - 11:35,211
24-09-2024,11:35 - 11:40,218
24-09-2024,11:40 - 11:45,223
24-09-2024,11:45 - 11:50,218
24-09-2024,11:50 - 11:55,208
24-09-2024,11:55 - 12:00,197
24-09-2024,12:00 - 12:05,195
24-09-2024,12:05 - 12:10,209
24-09-2024,12:10 - 12:15,224
24-09-2024,12:15 - 12:20,224
24-09-2024,12:20 - 12:25,214
24-09-2024,12:25 - 12:30,202
24-09-2024,12:30 - 12:35,195
24-09-2024,12:35 - 12:40,197
24-09-2024,12:40 - 12:45,203
24-09-2024,12:45 - 12:50,214
24-09-2024,12:50 - 12:55,225
24-09-2024,12:55 - 13:00,231
24-09-2024,13:00 - 13:05,225
24-09-2024,13:05 - 13:10,201
24-09-2024,13:10 - 13:15,178
24-09-2024,13:15 - 13:20,178
24-09-2024,13:20 - 13:25,202
24-09-2024,13:25 - 13:30,231
24-09-2024,13:30 - 13:35,250
24-09-2024,13:35 - 13:40,250
24-09-2024,13:40 - 13:45,230
24-09-2024,13:45 - 13:50,205
24-09-2024,13:50 - 13:55,195
24-09-2024,13:55 - 14:00,199
24-09-2024,14:00 - 14:05,209
24-09-2024,14:05 - 14:10,220
24-09-2024,14:10 - 14:15,222
24-09-2024,14:15 - 14:20,216
24-09-2024,14:20 - 14:25,203
24-09-2024,14:25 - 14:30,187
24-09-2024,14:30 - 14:35,175
24-09-2024,14:35 - 14:40,173
24-09-2024,14:40 - 14:45,179
24-09-2024,14:45 - 14:50,191
24-09-2024,14:50 - 14:55,202
24-09-2024,14:55 - 15:00,206
25-09-2024,06:00 - 06:05,175
25-09-2024,06:05 - 06:10,159
25-09-2024,06:10 - 06:15,153
25-09-2024,06:15 - 06:20,165
25-09-2024,06:20 - 06:25,199
25-09-2024,06:25 - 06:30,240
25-09-2024,06:30 - 06:35,267
25-09-2024,06:35 - 06:40,267
25-09-2024,06:40 - 06:45,246
25-09-2024,06:45 - 06:50,219
25-09-2024,06:50 - 06:55,195
25-09-2024,06:55 - 07:00,181
25-09-2024,07:00 - 07:05,174
25-09-2024,07:05 - 07:10,175
25-09-2024,07:10 - 07:15,187
25-09-2024,07:15 - 07:20,208
25-09-2024,07:20 - 07:25,237
25-09-2024,07:25 - 07:30,265
25-09-2024,07:30 - 07:35,275
25-09-2024,07:35 - 07:40,273
25-09-2024,07:40 - 07:45,279
25-09-2024,07:45 - 07:50,277
25-09-2024,07:50 - 07:55,250
25-09-2024,07:55 - 08:00,216
25-09-2024,08:00 - 08:05,195
25-09-2024,08:05 - 08:10,196
25-09-2024,08:10 - 08:15,208
25-09-2024,08:15 - 08:20,205
25-09-2024,08:20 - 08:25,194
25-09-2024,08:25 - 08:30,202
25-09-2024,08:30 - 08:35,215
25-09-2024,08:35 - 08:40,205
25-09-2024,08:40 - 08:45,183
25-09-2024,08:45 - 08:50,166
25-09-2024,08:50 - 08:55,163
25-09-2024,08:55 - 09:00,164
25-09-2024,09:00 - 09:05,155
25-09-2024,09:05 - 09:10,143
25-09-2024,09:10 - 09:15,148
25-09-2024,09:15 - 09:20,169
25-09-2024,09:20 - 09:25,194
25-09-2024,09:25 - 09:30,210
25-09-2024,09:30 - 09:35,212
25-09-2024,09:35 - 09:40,200
25-09-2024,09:40 - 09:45,181
25-09-2024,09:45 - 09:50,167
25-09-2024,09:50 - 09:55,160
25-09-2024,09:55 - 10:00,158
25-09-2024,10:00 - 10:05,160
25-09-2024,10:05 - 10:10,165
25-09-2024,10:10 - 10:15,172
25-09-2024,10:15 - 10:20,172
25-09-2024,10:20 - 10:25,164
25-09-2024,10:25 - 10:30,153
25-09-2024,10:30 - 10:35,149
25-09-2024,10:35 - 10:40,153
25-09-2024,10:40 - 10:45,158
25-09-2024,10:45 - 10:50,164
25-09-2024,10:50 - 10:55,173
25-09-2024,10:55 - 11:00,181
25-09-2024,11:00 - 11:05,185
25-09-2024,11:05 - 11:10,184
25-09-2024,11:10 - 11:15,176
25-09-2024,11:15 - 11:20,169
25-09-2024,11:20 - 11:25,167
25-09-2024,11:25 - 11:30,173
25-09-2024,11:30 - 11:35,180
25-09-2024,11:35 - 11:40,182
25-09-2024,11:40 - 11:45,178
25-09-2024,11:45 - 11:50,169
25-09-2024,11:50 - 11:55,161
25-09-2024,11:55 - 12:00,160
25-09-2024,12:00 - 12:05,168
25-09-2024,12:05 - 12:10,178
25-09-2024,12:10 - 12:15,177
25-09-2024,12:15 - 12:20,168
25-09-2024,12:20 - 12:25,166
25-09-2024,12:25 - 12:30,175
25-09-2024,12:30 - 12:35,192
25-09-2024,12:35 - 12:40,199
25-09-2024,12:40 - 12:45,192
25-09-2024,12:45 - 12:50,181
25-09-2024,12:50 - 12:55,177
25-09-2024,12:55 - 13:00,183
25-09-2024,13:00 - 13:05,196
25-09-2024,13:05 - 13:10,211
25-09-2024,13:10 - 13:15,221
25-09-2024,13:15 - 13:20,224
25-09-2024,13:20 - 13:25,221
25-09-2024,13:25 - 13:30,215
25-09-2024,13:30 - 13:35,210
25-09-2024,13:35 - 13:40,206
25-09-2024,13:40 - 13:45,204
25-09-2024,13:45 - 13:50,202
25-09-2024,13:50 - 13:55,199
25-09-2024,13:55 - 14:00,195
25-09-2024,14:00 - 14:05,189
25-09-2024,14:05 - 14:10,179
25-09-2024,14:10 - 14:15,169
25-09-2024,14:15 - 14:20,174
25-09-2024,14:20 - 14:25,191
25-09-2024,14:25 - 14:30,205
25-09-2024,14:30 - 14:35,191
25-09-2024,14:35 - 14:40,170
25-09-2024,14:40 - 14:45,173
25-09-2024,14:45 - 14:50,184
25-09-2024,14:50 - 14:55,180
25-09-2024,14:55 - 15:00,170
26-09-2024,06:00 - 06:05,144
26-09-2024,06:05 - 06:10,142
26-09-2024,06:10 - 06:15,139
26-09-2024,06:15 - 06:20,137
26-09-2024,06:20 - 06:25,138
26-09-2024,06:25 - 06:30,144
26-09-2024,06:30 - 06:35,153
26-09-2024,06:35 - 06:40,167
26-09-2024,06:40 - 06:45,183
26-09-2024,06:45 - 06:50,196
26-09-2024,06:50 - 06:55,203
26-09-2024,06:55 - 07:00,205
26-09-2024,07:00 - 07:05,206
26-09-2024,07:05 - 07:10,216
26-09-2024,07:10 - 07:15,236
26-09-2024,07:15 - 07:20,248
26-09-2024,07:20 - 07:25,244
26-09-2024,07:25 - 07:30,236
26-09-2024,07:30 - 07:35,240
26-09-2024,07:35 - 07:40,253
26-09-2024,07:40 - 07:45,263
26-09-2024,07:45 - 07:50,260
26-09-2024,07:50 - 07:55,244
26-09-2024,07:55 - 08:00,222
26-09-2024,08:00 - 08:05,198
26-09-2024,08:05 - 08:10,181
26-09-2024,08:10 - 08:15,180
26-09-2024,08:15 - 08:20,199
26-09-2024,08:20 - 08:25,222
26-09-2024,08:25 - 08:30,224
26-09-2024,08:30 - 08:35,209
26-09-2024,08:35 - 08:40,197
26-09-2024,08:40 - 08:45,206
26-09-2024,08:45 - 08:50,227
26-09-2024,08:50 - 08:55,234
26-09-2024,08:55 - 09:00,219
26-09-2024,09:00 - 09:05,195
26-09-2024,09:05 - 09:10,180
26-09-2024,09:10 - 09:15,180
26-09-2024,09:15 - 09:20,185
26-09-2024,09:20 - 09:25,183
26-09-2024,09:25 - 09:30,167
26-09-2024,09:30 - 09:35,150
26-09-2024,09:35 - 09:40,146
26-09-2024,09:40 - 09:45,150
26-09-2024,09:45 - 09:50,152
26-09-2024,09:50 - 09:55,149
26-09-2024,09:55 - 10:00,140
26-09-2024,10:00 - 10:05,136
26-09-2024,10:05 - 10:10,139
26-09-2024,10:10 - 10:15,140
26-09-2024,10:15 - 10:20,139
26-09-2024,10:20 - 10:25,138
26-09-2024,10:25 - 10:30,136
26-09-2024,10:30 - 10:35,136
26-09-2024,10:35 - 10:40,144
26-09-2024,10:40 - 10:45,148
26-09-2024,10:45 - 10:50,143
26-09-2024,10:50 - 10:55,142
26-09-2024,10:55 - 11:00,152
26-09-2024,11:00 - 11:05,158
26-09-2024,11:05 - 11:10,149
26-09-2024,11:10 - 11:15,134
26-09-2024,11:15 - 11:20,127
26-09-2024,11:20 - 11:25,145
26-09-2024,11:25 - 11:30,176
26-09-2024,11:30 - 11:35,198
26-09-2024,11:35 - 11:40,193
26-09-2024,11:40 - 11:45,174
26-09-2024,11:45 - 11:50,158
26-09-2024,11:50 - 11:55,159
26-09-2024,11:55 - 12:00,177
26-09-2024,12:00 - 12:05,190
26-09-2024,12:05 - 12:10,188
26-09-2024,12:10 - 12:15,185
26-09-2024,12:15 - 12:20,185
26-09-2024,12:20 - 12:25,187
26-09-2024,12:25 - 12:30,188
26-09-2024,12:30 - 12:35,189
26-09-2024,12:35 - 12:40,196
26-09-2024,12:40 - 12:45,208
26-09-2024,12:45 - 12:50,214
26-09-2024,12:50 - 12:55,217
26-09-2024,12:55 - 13:00,220
26-09-2024,13:00 - 13:05,229
26-09-2024,13:05 - 13:10,242
26-09-2024,13:10 - 13:15,250
26-09-2024,13:15 - 13:20,244
26-09-2024,13:20 - 13:25,238
26-09-2024,13:25 - 13:30,253
26-09-2024,13:30 - 13:35,268
26-09-2024,13:35 - 13:40,261
26-09-2024,13:40 - 13:45,239
26-09-2024,13:45 - 13:50,217
26-09-2024,13:50 - 13:55,212
26-09-2024,13:55 - 14:00,224
26-09-2024,14:00 - 14:05,229
26-09-2024,14:05 - 14:10,218
26-09-2024,14:10 - 14:15,204
26-09-2024,14:15 - 14:20,198
26-09-2024,14:20 - 14:25,202
26-09-2024,14:25 - 14:30,214
26-09-2024,14:30 - 14:35,225
26-09-2024,14:35 - 14:40,226
26-09-2024,14:40 - 14:45,208
26-09-2024,14:45 - 14:50,182
26-09-2024,14:50 - 14:55,169
26-09-2024,14:55 - 15:00,169
27-09-2024,06:00 - 06:05,174
27-09-2024,06:05 - 06:10,161
27-09-2024,06:10 - 06:15,178
27-09-2024,06:15 - 06:20,207
27-09-2024,06:20 - 06:25,224
27-09-2024,06:25 - 06:30,222
27-09-2024,06:30 - 06:35,207
27-09-2024,06:35 - 06:40,188
27-09-2024,06:40 - 06:45,176
27-09-2024,06:45 - 06:50,173
27-09-2024,06:50 - 06:55,174
27-09-2024,06:55 - 07:00,175
27-09-2024,07:00 - 07:05,174
27-09-2024,07:05 - 07:10,176
27-09-2024,07:10 - 07:15,185
27-09-2024,07:15 - 07:20,195
27-09-2024,07:20 - 07:25,200
27-09-2024,07:25 - 07:30,194
27-09-2024,07:30 - 07:35,188
27-09-2024,07:35 - 07:40,195
27-09-2024,07:40 - 07:45,205
27-09-2024,07:45 - 07:50,206
27-09-2024,07:50 - 07:55,200
27-09-2024,07:55 - 08:00,192
27-09-2024,08:00 - 08:05,189
27-09-2024,08:05 - 08:10,194
27-09-2024,08:10 - 08:15,195
27-09-2024,08:15 - 08:20,185
27-09-2024,08:20 - 08:25,175
27-09-2024,08:25 - 08:30,170
27-09-2024,08:30 - 08:35,173
27-09-2024,08:35 - 08:40,182
27-09-2024,08:40 - 08:45,196
27-09-2024,08:45 - 08:50,210
27-09-2024,08:50 - 08:55,219
27-09-2024,08:55 - 09:00,223
27-09-2024,09:00 - 09:05,220
27-09-2024,09:05 - 09:10,212
27-09-2024,09:10 - 09:15,205
27-09-2024,09:15 - 09:20,203
27-09-2024,09:20 - 09:25,206
27-09-2024,09:25 - 09:30,211
27-09-2024,09:30 - 09:35,218
27-09-2024,09:35 - 09:40,222
27-09-2024,09:40 - 09:45,223
27-09-2024,09:45 - 09:50,212
27-09-2024,09:50 - 09:55,196
27-09-2024,09:55 - 10:00,186
27-09-2024,10:00 - 10:05,194
27-09-2024,10:05 - 10:10,211
27-09-2024,10:10 - 10:15,215
27-09-2024,10:15 - 10:20,207
27-09-2024,10:20 - 10:25,191
27-09-2024,10:25 - 10:30,183
27-09-2024,10:30 - 10:35,187
27-09-2024,10:35 - 10:40,193
27-09-2024,10:40 - 10:45,204
27-09-2024,10:45 - 10:50,224
27-09-2024,10:50 - 10:55,240
27-09-2024,10:55 - 11:00,245
27-09-2024,11:00 - 11:05,246
27-09-2024,11:05 - 11:10,249
27-09-2024,11:10 - 11:15,250
27-09-2024,11:15 - 11:20,244
27-09-2024,11:20 - 11:25,228
27-09-2024,11:25 - 11:30,215
27-09-2024,11:30 - 11:35,214
27-09-2024,11:35 - 11:40,220
27-09-2024,11:40 - 11:45,225
27-09-2024,11:45 - 11:50,228
27-09-2024,11:50 - 11:55,232
27-09-2024,11:55 - 12:00,242
27-09-2024,12:00 - 12:05,251
27-09-2024,12:05 - 12:10,252
27-09-2024,12:10 - 12:15,239
27-09-2024,12:15 - 12:20,221
27-09-2024,12:20 - 12:25,209
27-09-2024,12:25 - 12:30,216
27-09-2024,12:30 - 12:35,229
27-09-2024,12:35 - 12:40,227
27-09-2024,12:40 - 12:45,208
27-09-2024,12:45 - 12:50,187
27-09-2024,12:50 - 12:55,185
27-09-2024,12:55 - 13:00,212
27-09-2024,13:00 - 13:05,233
27-09-2024,13:05 - 13:10,208
27-09-2024,13:10 - 13:15,162
27-09-2024,13:15 - 13:20,143
27-09-2024,13:20 - 13:25,153
27-09-2024,13:25 - 13:30,165
27-09-2024,13:30 - 13:35,164
27-09-2024,13:35 - 13:40,158
27-09-2024,13:40 - 13:45,168
27-09-2024,13:45 - 13:50,184
27-09-2024,13:50 - 13:55,190
27-09-2024,13:55 - 14:00,187
27-09-2024,14:00 - 14:05,186
27-09-2024,14:05 - 14:10,192
27-09-2024,14:10 - 14:15,205
27-09-2024,14:15 - 14:20,210
27-09-2024,14:20 - 14:25,201
27-09-2024,14:25 - 14:30,189
27-09-2024,14:30 - 14:35,182
27-09-2024,14:35 - 14:40,179
27-09-2024,14:40 - 14:45,181
27-09-2024,14:45 - 14:50,186
27-09-2024,14:50 - 14:55,194
27-09-2024,14:55 - 15:00,201
28-09-2024,06:00 - 06:05,136
28-09-2024,06:05 - 06:10,137
28-09-2024,06:10 - 06:15,136
28-09-2024,06:15 - 06:20,134
28-09-2024,06:20 - 06:25,134
28-09-2024,06:25 - 06:30,140
28-09-2024,06:30 - 06:35,158
28-09-2024,06:35 - 06:40,180
28-09-2024,06:40 - 06:45,192
28-09-2024,06:45 - 06:50,188
28-09-2024,06:50 - 06:55,179
28-09-2024,06:55 - 07:00,178
28-09-2024,07:00 - 07:05,183
28-09-2024,07:05 - 07:10,191
28-09-2024,07:10 - 07:15,197
28-09-2024,07:15 - 07:20,204
28-09-2024,07:20 - 07:25,216
28-09-2024,07:25 - 07:30,239
28-09-2024,07:30 - 07:35,273
28-09-2024,07:35 - 07:40,297
28-09-2024,07:40 - 07:45,292
28-09-2024,07:45 - 07:50,263
28-09-2024,07:50 - 07:55,231
28-09-2024,07:55 - 08:00,212
28-09-2024,08:00 - 08:05,207
28-09-2024,08:05 - 08:10,208
28-09-2024,08:10 - 08:15,210
28-09-2024,08:15 - 08:20,213
28-09-2024,08:20 - 08:25,217
28-09-2024,08:25 - 08:30,223
28-09-2024,08:30 - 08:35,228
28-09-2024,08:35 - 08:40,230
28-09-2024,08:40 - 08:45,228
28-09-2024,08:45 - 08:50,224
28-09-2024,08:50 - 08:55,219
28-09-2024,08:55 - 09:00,214
28-09-2024,09:00 - 09:05,211
28-09-2024,09:05 - 09:10,209
28-09-2024,09:10 - 09:15,207
28-09-2024,09:15 - 09:20,205
28-09-2024,09:20 - 09:25,203
28-09-2024,09:25 - 09:30,201
28-09-2024,09:30 - 09:35,199
28-09-2024,09:35 - 09:40,198
28-09-2024,09:40 - 09:45,197
28-09-2024,09:45 - 09:50,195
28-09-2024,09:50 - 09:55,192
28-09-2024,09:55 - 10:00,187
28-09-2024,10:00 - 10:05,181
28-09-2024,10:05 - 10:10,175
28-09-2024,10:10 - 10:15,170
28-09-2024,10:15 - 10:20,169
28-09-2024,10:20 - 10:25,171
28-09-2024,10:25 - 10:30,178
28-09-2024,10:30 - 10:35,186
28-09-2024,10:35 - 10:40,193
28-09-2024,10:40 - 10:45,195
28-09-2024,10:45 - 10:50,193
28-09-2024,10:50 - 10:55,189
28-09-2024,10:55 - 11:00,185
28-09-2024,11:00 - 11:05,182
28-09-2024,11:05 - 11:10,179
28-09-2024,11:10 - 11:15,178
28-09-2024,11:15 - 11:20,179
28-09-2024,11:20 - 11:25,180
28-09-2024,11:25 - 11:30,182
28-09-2024,11:30 - 11:35,185
28-09-2024,11:35 - 11:40,187
28-09-2024,11:40 - 11:45,190
28-09-2024,11:45 - 11:50,193
28-09-2024,11:50 - 11:55,195
28-09-2024,11:55 - 12:00,198
28-09-2024,12:00 - 12:05,203
28-09-2024,12:05 - 12:10,208
28-09-2024,12:10 - 12:15,212
28-09-2024,12:15 - 12:20,213
28-09-2024,12:20 - 12:25,212
28-09-2024,12:25 - 12:30,209
28-09-2024,12:30 - 12:35,205
28-09-2024,12:35 - 12:40,200
28-09-2024,12:40 - 12:45,197
28-09-2024,12:45 - 12:50,208
28-09-2024,12:50 - 12:55,224
28-09-2024,12:55 - 13:00,226
28-09-2024,13:00 - 13:05,219
28-09-2024,13:05 - 13:10,213
28-09-2024,13:10 - 13:15,209
28-09-2024,13:15 - 13:20,208
28-09-2024,13:20 - 13:25,211
28-09-2024,13:25 - 13:30,220
28-09-2024,13:30 - 13:35,231
28-09-2024,13:35 - 13:40,239
28-09-2024,13:40 - 13:45,231
28-09-2024,13:45 - 13:50,213
28-09-2024,13:50 - 13:55,197
28-09-2024,13:55 - 14:00,191
28-09-2024,14:00 - 14:05,196
28-09-2024,14:05 - 14:10,206
28-09-2024,14:10 - 14:15,216
28-09-2024,14:15 - 14:20,219
28-09-2024,14:20 - 14:25,213
28-09-2024,14:25 - 14:30,201
28-09-2024,14:30 - 14:35,191
28-09-2024,14:35 - 14:40,190
28-09-2024,14:40 - 14:45,198
28-09-2024,14:45 - 14:50,205
28-09-2024,14:50 - 14:55,199
28-09-2024,14:55 - 15:00,187
29-09-2024,06:00 - 06:05,162
29-09-2024,06:05 - 06:10,154
29-09-2024,06:10 - 06:15,140
29-09-2024,06:15 - 06:20,130
29-09-2024,06:20 - 06:25,133
29-09-2024,06:25 - 06:30,152
29-09-2024,06:30 - 06:35,184
29-09-2024,06:35 - 06:40,211
29-09-2024,06:40 - 06:45,218
29-09-2024,06:45 - 06:50,203
29-09-2024,06:50 - 06:55,185
29-09-2024,06:55 - 07:00,175
29-09-2024,07:00 - 07:05,182
29-09-2024,07:05 - 07:10,207
29-09-2024,07:10 - 07:15,231
29-09-2024,07:15 - 07:20,246
29-09-2024,07:20 - 07:25,249
29-09-2024,07:25 - 07:30,254
29-09-2024,07:30 - 07:35,259
29-09-2024,07:35 - 07:40,261
29-09-2024,07:40 - 07:45,256
29-09-2024,07:45 - 07:50,243
29-09-2024,07:50 - 07:55,232
29-09-2024,07:55 - 08:00,227
29-09-2024,08:00 - 08:05,229
29-09-2024,08:05 - 08:10,234
29-09-2024,08:10 - 08:15,236
29-09-2024,08:15 - 08:20,234
29-09-2024,08:20 - 08:25,233
29-09-2024,08:25 - 08:30,237
29-09-2024,08:30 - 08:35,242
29-09-2024,08:35 - 08:40,234
29-09-2024,08:40 - 08:45,213
29-09-2024,08:45 - 08:50,204
29-09-2024,08:50 - 08:55,208
29-09-2024,08:55 - 09:00,211
29-09-2024,09:00 - 09:05,208
29-09-2024,09:05 - 09:10,199
29-09-2024,09:10 - 09:15,192
29-09-2024,09:15 - 09:20,189
29-09-2024,09:20 - 09:25,187
29-09-2024,09:25 - 09:30,183
29-09-2024,09:30 - 09:35,181
29-09-2024,09:35 - 09:40,184
29-09-2024,09:40 - 09:45,189
29-09-2024,09:45 - 09:50,194
29-09-2024,09:50 - 09:55,196
29-09-2024,09:55 - 10:00,200
29-09-2024,10:00 - 10:05,206
29-09-2024,10:05 - 10:10,211
29-09-2024,10:10 - 10:15,213
29-09-2024,10:15 - 10:20,210
29-09-2024,10:20 - 10:25,204
29-09-2024,10:25 - 10:30,197
29-09-2024,10:30 - 10:35,193
29-09-2024,10:35 - 10:40,193
29-09-2024,10:40 - 10:45,196
29-09-2024,10:45 - 10:50,202
29-09-2024,10:50 - 10:55,208
29-09-2024,10:55 - 11:00,212
29-09-2024,11:00 - 11:05,215
29-09-2024,11:05 - 11:10,213
29-09-2024,11:10 - 11:15,206
29-09-2024,11:15 - 11:20,193
29-09-2024,11:20 - 11:25,184
29-09-2024,11:25 - 11:30,186
29-09-2024,11:30 - 11:35,203
29-09-2024,11:35 - 11:40,219
29-09-2024,11:40 - 11:45,216
29-09-2024,11:45 - 11:50,201
29-09-2024,11:50 - 11:55,191
29-09-2024,11:55 - 12:00,199
29-09-2024,12:00 - 12:05,218
29-09-2024,12:05 - 12:10,232
29-09-2024,12:10 - 12:15,233
29-09-2024,12:15 - 12:20,226
29-09-2024,12:20 - 12:25,218
29-09-2024,12:25 - 12:30,212
29-09-2024,12:30 - 12:35,212
29-09-2024,12:35 - 12:40,219
29-09-2024,12:40 - 12:45,235
29-09-2024,12:45 - 12:50,249
29-09-2024,12:50 - 12:55,254
29-09-2024,12:55 - 13:00,245
29-09-2024,13:00 - 13:05,231
29-09-2024,13:05 - 13:10,219
29-09-2024,13:10 - 13:15,219
29-09-2024,13:15 - 13:20,232
29-09-2024,13:20 - 13:25,246
29-09-2024,13:25 - 13:30,247
29-09-2024,13:30 - 13:35,236
29-09-2024,13:35 - 13:40,229
29-09-2024,13:40 - 13:45,234
29-09-2024,13:45 - 13:50,242
29-09-2024,13:50 - 13:55,238
29-09-2024,13:55 - 14:00,226
29-09-2024,14:00 - 14:05,216
29-09-2024,14:05 - 14:10,215
29-09-2024,14:10 - 14:15,220
29-09-2024,14:15 - 14:20,225
29-09-2024,14:20 - 14:25,228
29-09-2024,14:25 - 14:30,227
29-09-2024,14:30 - 14:35,222
29-09-2024,14:35 - 14:40,215
29-09-2024,14:40 - 14:45,209
29-09-2024,14:45 - 14:50,204
29-09-2024,14:50 - 14:55,201
29-09-2024,14:55 - 15:00,201
